customer_id,customer_name,city,age,gender,signup_date
C0001,Siya,Delhi,48,Female,2025-08-08
C0002,Krishna,Ahmedabad,50,Male,2026-03-01
C0003,Kishan,Chennai,44,Female,2024-09-29
C0004,Pranjal,Delhi,22,Female,2026-04-19
C0005,Pranjal,Bangalore,25,Female,2024-08-26
C0006,Siya,Ahmedabad,24,Female,2026-02-03
C0007,Krishna,Bangalore,32,Female,2024-07-27
C0008,Isha,Mumbai,40,Male,2025-04-28
C0009,Vivan,Chennai,46,Female,2024-11-20
C0010,Vivan,Chennai,55,Male,2024-07-07
C0011,Radha,Delhi,22,Male,2025-07-20
C0012,Arya,Pune,42,Male,2026-03-27
C0013,Mudra,Surat,31,Female,2025-04-19
C0014,Krishna,Hyderabad,18,Female,2025-09-14
C0015,Mudra,Hyderabad,37,Female,2025-09-07
C0016,Isha,Mumbai,38,Male,2024-12-29
C0017,Krishna,Chennai,41,Male,2025-08-30
C0018,Vivan,Chennai,22,Female,2025-02-18
C0019,Pranjal,Mumbai,52,Male,2025-09-20
C0020,Siya,Surat,18,Male,2026-04-20
C0021,Siya,Bangalore,48,Female,2025-03-25
C0022,Pranjal,Mumbai,27,Male,2024-10-21
C0023,Kishan,Delhi,30,Male,2025-03-30
C0024,Harsh,Hyderabad,47,Female,2026-02-21
C0025,Arya,Hyderabad,23,Male,2026-03-15
C0026,Mudra,Ahmedabad,52,Female,2026-05-10
C0027,Aditiya,Ahmedabad,37,Female,2025-08-11
C0028,Mahek,Bangalore,44,Female,2024-07-12
C0029,Mahek,Delhi,46,Male,2026-03-26
C0030,Arjun,Pune,36,Female,2024-10-04
C0031,Rishi,Bangalore,39,Female,2025-01-25
C0032,Kishan,Ahmedabad,41,Female,2025-01-31
C0033,Kishan,Delhi,57,Male,2026-02-23
C0034,Ayushi,Pune,34,Female,2025-10-26
C0035,Mudra,Chennai,57,Male,2025-11-27
C0036,Mahek,Surat,33,Male,2024-10-05
C0037,Isha,Delhi,23,Female,2024-12-15
C0038,Rishi,Mumbai,45,Male,2026-01-21
C0039,Rishi,Ahmedabad,49,Male,2025-03-19
C0040,Ayushi,Mumbai,18,Male,2024-10-29
C0041,Ayushi,Bangalore,27,Male,2024-10-12
C0042,Radha,Pune,31,Female,2025-08-28
C0043,Rishi,Pune,53,Female,2025-01-24
C0044,Arya,Delhi,27,Female,2025-08-12
C0045,Isha,Chennai,21,Male,2024-09-28
C0046,Arya,Mumbai,39,Female,2024-11-15
C0047,Arjun,Chennai,49,Male,2025-05-02
C0048,Mudra,Chennai,19,Male,2025-07-20
C0049,Vihaan,Ahmedabad,22,Female,2025-10-21
C0050,Siya,Surat,27,Female,2025-08-16
C0051,Kishan,Delhi,58,Female,2026-05-07
C0052,Siya,Chennai,42,Female,2025-08-02
C0053,Krishna,Delhi,41,Female,2025-01-06
C0054,Kishan,Bangalore,42,Male,2024-11-07
C0055,Dimple,Hyderabad,19,Male,2025-09-11
C0056,Vivan,Hyderabad,46,Male,2025-02-05
C0057,Harsh,Mumbai,34,Female,2025-04-21
C0058,Kishan,Ahmedabad,24,Female,2025-12-15
C0059,Harsh,Mumbai,36,Female,2025-08-30
C0060,Dimple,Pune,34,Female,2026-02-14
C0061,Aditiya,Ahmedabad,47,Male,2026-04-13
C0062,Harsh,Bangalore,31,Male,2024-07-04
C0063,Vivan,Chennai,34,Male,2025-10-07
C0064,Vihaan,Surat,32,Male,2026-04-14
C0065,Mudra,Hyderabad,28,Female,2024-07-06
C0066,Dimple,Surat,53,Male,2024-11-09
C0067,Krishna,Mumbai,47,Male,2025-10-19
C0068,Mahek,Chennai,18,Female,2026-01-30
C0069,Krishna,Pune,48,Female,2026-03-29
C0070,Rishi,Delhi,25,Female,2024-09-25
C0071,Mahek,Surat,47,Female,2025-08-05
C0072,Radha,Ahmedabad,43,Male,2026-02-03
C0073,Harsh,Mumbai,35,Female,2024-12-08
C0074,Mahek,Delhi,60,Female,2025-12-07
C0075,Siya,Hyderabad,56,Male,2024-07-09
C0076,Arjun,Hyderabad,58,Male,2025-01-02
C0077,Radha,Chennai,51,Male,2025-05-23
C0078,Rishi,Chennai,42,Male,2025-08-05
C0079,Siya,Delhi,43,Male,2024-11-07
C0080,Kishan,Pune,45,Male,2026-04-16
C0081,Mudra,Hyderabad,53,Male,2024-11-21
C0082,Kishan,Pune,19,Male,2025-05-23
C0083,Vihaan,Ahmedabad,39,Male,2025-06-22
C0084,Radha,Hyderabad,44,Male,2026-04-04
C0085,Rishi,Bangalore,29,Female,2026-06-16
C0086,Arya,Bangalore,39,Male,2024-10-19
C0087,Ayushi,Chennai,32,Female,2024-08-06
C0088,Rishi,Mumbai,23,Male,2025-11-22
C0089,Vihaan,Mumbai,29,Male,2025-11-02
C0090,Arya,Surat,35,Male,2024-07-21
C0091,Mudra,Delhi,43,Male,2025-02-26
C0092,Arya,Mumbai,51,Male,2026-05-06
C0093,Kishan,Hyderabad,36,Male,2024-09-29
C0094,Mahek,Ahmedabad,43,Male,2024-09-18
C0095,Arya,Delhi,48,Female,2025-03-06
C0096,Vihaan,Pune,25,Male,2025-08-19
C0097,Siya,Hyderabad,37,Male,2025-01-09
C0098,Kishan,Bangalore,49,Male,2025-10-22
C0099,Pranjal,Surat,24,Male,2025-01-12
C0100,Isha,Ahmedabad,52,Male,2025-07-28
C0101,Vivan,Pune,29,Male,2026-01-15
C0102,Harsh,Hyderabad,30,Female,2024-12-05
C0103,Kishan,Chennai,51,Female,2026-01-20
C0104,Kishan,Chennai,29,Female,2025-04-11
C0105,Radha,Surat,48,Male,2025-01-16
C0106,Aditiya,Bangalore,28,Male,2025-07-16
C0107,Arjun,Bangalore,21,Female,2026-06-08
C0108,Arjun,Hyderabad,46,Male,2025-05-09
C0109,Mudra,Delhi,40,Female,2025-11-16
C0110,Arjun,Mumbai,43,Male,2024-10-12
C0111,Kishan,Mumbai,46,Female,2024-08-24
C0112,Arya,Ahmedabad,56,Male,2026-03-04
C0113,Arya,Chennai,51,Male,2024-12-21
C0114,Vivan,Hyderabad,42,Female,2024-11-16
C0115,Mahek,Delhi,36,Male,2025-11-25
C0116,Rishi,Delhi,20,Male,2024-08-11
C0117,Mahek,Delhi,42,Female,2025-03-08
C0118,Pranjal,Hyderabad,20,Female,2025-10-20
C0119,Harsh,Bangalore,34,Female,2024-08-21
C0120,Kishan,Delhi,27,Male,2026-06-20
C0121,Dimple,Hyderabad,57,Male,2024-10-25
C0122,Kishan,Mumbai,22,Male,2026-02-21
C0123,Rishi,Surat,45,Female,2026-01-25
C0124,Mahek,Delhi,48,Male,2025-01-12
C0125,Vihaan,Hyderabad,55,Female,2025-06-06
C0126,Rishi,Ahmedabad,35,Female,2026-04-01
C0127,Siya,Delhi,34,Female,2026-01-14
C0128,Vivan,Pune,36,Male,2024-09-21
C0129,Krishna,Bangalore,23,Male,2025-02-10
C0130,Mahek,Delhi,41,Male,2025-05-24
C0131,Vivan,Bangalore,36,Male,2025-12-23
C0132,Mahek,Bangalore,56,Male,2024-11-20
C0133,Radha,Chennai,50,Female,2025-05-06
C0134,Ayushi,Ahmedabad,23,Male,2025-11-03
C0135,Siya,Chennai,37,Male,2025-06-17
C0136,Aditiya,Ahmedabad,37,Female,2025-06-02
C0137,Isha,Mumbai,58,Female,2024-08-26
C0138,Arya,Ahmedabad,31,Female,2024-07-08
C0139,Vivan,Bangalore,24,Female,2026-04-26
C0140,Mahek,Mumbai,50,Female,2025-07-30
C0141,Pranjal,Chennai,55,Male,2026-01-13
C0142,Radha,Hyderabad,27,Male,2025-06-11
C0143,Ayushi,Chennai,37,Male,2025-08-06
C0144,Aditiya,Pune,31,Male,2024-11-09
C0145,Aditiya,Chennai,23,Male,2025-08-17
C0146,Isha,Bangalore,37,Male,2026-04-23
C0147,Mudra,Pune,35,Female,2025-01-24
C0148,Arjun,Mumbai,35,Female,2026-04-04
C0149,Harsh,Hyderabad,48,Female,2024-08-21
C0150,Aditiya,Bangalore,36,Male,2025-09-18
C0151,Dimple,Ahmedabad,53,Male,2026-04-02
C0152,Dimple,Delhi,44,Male,2024-12-20
C0153,Pranjal,Surat,24,Male,2025-08-27
C0154,Ayushi,Mumbai,18,Male,2025-08-22
C0155,Siya,Ahmedabad,56,Female,2025-12-20
C0156,Rishi,Surat,47,Male,2025-01-02
C0157,Kishan,Ahmedabad,59,Female,2026-04-21
C0158,Radha,Delhi,59,Male,2025-12-08
C0159,Vihaan,Ahmedabad,56,Female,2026-01-18
C0160,Mahek,Hyderabad,29,Male,2024-10-09
C0161,Dimple,Mumbai,41,Male,2025-03-22
C0162,Arjun,Ahmedabad,46,Female,2024-11-25
C0163,Siya,Hyderabad,19,Male,2026-04-21
C0164,Vivan,Pune,35,Male,2025-11-17
C0165,Mahek,Surat,48,Female,2024-12-02
C0166,Isha,Surat,51,Female,2024-08-25
C0167,Siya,Delhi,26,Female,2024-08-21
C0168,Arjun,Surat,18,Male,2025-09-01
C0169,Aditiya,Chennai,35,Female,2024-07-26
C0170,Vivan,Mumbai,20,Male,2025-04-25
C0171,Kishan,Hyderabad,34,Male,2025-11-03
C0172,Isha,Bangalore,45,Male,2025-04-01
C0173,Krishna,Pune,33,Female,2025-01-02
C0174,Siya,Pune,32,Male,2025-06-09
C0175,Vivan,Hyderabad,52,Male,2025-04-25
C0176,Siya,Ahmedabad,34,Male,2025-08-17
C0177,Arjun,Pune,42,Male,2025-02-06
C0178,Krishna,Delhi,42,Female,2024-08-08
C0179,Vivan,Surat,31,Female,2025-09-16
C0180,Isha,Pune,48,Female,2025-08-14
C0181,Siya,Pune,25,Female,2024-12-02
C0182,Vihaan,Chennai,19,Female,2025-07-26
C0183,Aditiya,Hyderabad,23,Male,2026-01-01
C0184,Siya,Surat,57,Female,2026-01-19
C0185,Mahek,Delhi,43,Male,2024-08-23
C0186,Arya,Chennai,33,Female,2025-09-24
C0187,Kishan,Pune,22,Male,2024-06-27
C0188,Arjun,Ahmedabad,56,Male,2026-06-06
C0189,Pranjal,Surat,36,Male,2024-11-10
C0190,Mudra,Delhi,29,Female,2025-08-04
C0191,Mahek,Hyderabad,53,Female,2025-02-17
C0192,Siya,Pune,36,Female,2026-02-23
C0193,Pranjal,Pune,56,Female,2026-05-25
C0194,Radha,Surat,39,Male,2024-11-15
C0195,Krishna,Delhi,49,Female,2025-11-13
C0196,Isha,Ahmedabad,38,Male,2025-01-29
C0197,Harsh,Chennai,47,Female,2026-05-05
C0198,Krishna,Surat,48,Male,2026-04-19
C0199,Ayushi,Delhi,27,Female,2026-01-03
C0200,Mudra,Mumbai,43,Female,2026-01-06
C0201,Harsh,Chennai,59,Male,2025-01-07
C0202,Rishi,Mumbai,51,Female,2026-05-03
C0203,Radha,Pune,28,Female,2025-02-22
C0204,Mahek,Bangalore,59,Male,2025-08-10
C0205,Rishi,Ahmedabad,21,Male,2026-04-25
C0206,Mahek,Mumbai,59,Female,2026-05-06
C0207,Vihaan,Bangalore,52,Male,2025-08-19
C0208,Pranjal,Bangalore,21,Female,2025-01-15
C0209,Ayushi,Delhi,52,Female,2026-06-23
C0210,Dimple,Ahmedabad,40,Female,2025-07-09
C0211,Krishna,Hyderabad,46,Female,2025-08-03
C0212,Aditiya,Hyderabad,23,Female,2025-10-27
C0213,Arjun,Delhi,55,Male,2025-01-30
C0214,Kishan,Chennai,22,Male,2025-03-21
C0215,Siya,Pune,21,Male,2025-03-14
C0216,Rishi,Mumbai,28,Female,2025-07-25
C0217,Isha,Chennai,25,Male,2025-11-05
C0218,Pranjal,Chennai,19,Male,2025-04-30
C0219,Pranjal,Chennai,55,Female,2026-02-08
C0220,Kishan,Ahmedabad,50,Male,2026-05-09
C0221,Mahek,Hyderabad,31,Male,2024-08-05
C0222,Vivan,Surat,36,Male,2026-01-14
C0223,Arya,Chennai,27,Male,2026-02-26
C0224,Mudra,Ahmedabad,57,Male,2024-11-12
C0225,Vivan,Bangalore,27,Male,2026-06-07
C0226,Kishan,Pune,22,Female,2025-05-15
C0227,Ayushi,Chennai,58,Male,2024-06-30
C0228,Pranjal,Bangalore,46,Male,2026-03-18
C0229,Arya,Chennai,42,Female,2026-02-12
C0230,Aditiya,Chennai,49,Male,2026-06-17
C0231,Mahek,Bangalore,40,Female,2025-10-03
C0232,Isha,Bangalore,42,Male,2025-06-18
C0233,Arya,Chennai,45,Female,2025-01-30
C0234,Arjun,Delhi,39,Male,2026-01-26
C0235,Isha,Mumbai,31,Male,2024-07-30
C0236,Isha,Mumbai,35,Male,2025-06-01
C0237,Arjun,Hyderabad,24,Female,2026-04-05
C0238,Mahek,Chennai,24,Male,2025-09-03
C0239,Pranjal,Hyderabad,55,Female,2024-09-20
C0240,Aditiya,Mumbai,55,Male,2024-07-25
C0241,Arya,Hyderabad,31,Male,2025-10-07
C0242,Ayushi,Bangalore,28,Female,2025-03-15
C0243,Isha,Ahmedabad,40,Female,2025-11-11
C0244,Dimple,Delhi,47,Male,2026-01-01
C0245,Radha,Surat,25,Female,2025-09-24
C0246,Rishi,Ahmedabad,40,Male,2024-07-31
C0247,Mahek,Delhi,20,Male,2025-05-02
C0248,Pranjal,Chennai,54,Male,2025-07-08
C0249,Kishan,Surat,31,Female,2025-11-12
C0250,Vivan,Chennai,55,Male,2025-05-22
C0251,Mahek,Mumbai,58,Male,2024-07-18
C0252,Mudra,Delhi,41,Male,2024-12-26
C0253,Rishi,Surat,22,Female,2024-08-18
C0254,Rishi,Mumbai,49,Male,2025-11-26
C0255,Mahek,Hyderabad,42,Male,2026-03-11
C0256,Mahek,Delhi,40,Male,2024-07-08
C0257,Mahek,Ahmedabad,22,Female,2026-02-17
C0258,Kishan,Chennai,46,Female,2026-05-13
C0259,Dimple,Chennai,25,Female,2024-07-27
C0260,Isha,Hyderabad,45,Female,2025-12-15
C0261,Harsh,Delhi,41,Male,2025-03-29
C0262,Arya,Ahmedabad,51,Female,2025-08-28
C0263,Arya,Bangalore,44,Male,2025-06-26
C0264,Kishan,Surat,48,Female,2025-10-28
C0265,Siya,Surat,48,Male,2024-11-13
C0266,Ayushi,Delhi,58,Male,2024-12-22
C0267,Ayushi,Surat,25,Female,2025-06-14
C0268,Dimple,Pune,30,Male,2025-03-04
C0269,Pranjal,Chennai,41,Male,2025-07-28
C0270,Pranjal,Hyderabad,55,Female,2025-02-26
C0271,Aditiya,Surat,32,Male,2025-03-19
C0272,Kishan,Surat,24,Male,2024-11-08
C0273,Mudra,Delhi,29,Female,2025-10-05
C0274,Krishna,Surat,34,Male,2024-12-22
C0275,Mahek,Surat,29,Male,2025-03-17
C0276,Aditiya,Surat,56,Female,2024-09-29
C0277,Radha,Pune,38,Male,2026-05-16
C0278,Arjun,Chennai,29,Male,2024-12-12
C0279,Pranjal,Ahmedabad,20,Female,2025-06-23
C0280,Aditiya,Ahmedabad,47,Male,2026-06-12
C0281,Arjun,Ahmedabad,44,Female,2026-03-26
C0282,Mudra,Pune,20,Female,2026-02-17
C0283,Vihaan,Pune,37,Male,2024-12-13
C0284,Arya,Surat,26,Female,2025-02-09
C0285,Dimple,Mumbai,30,Female,2025-11-07
C0286,Mudra,Bangalore,52,Female,2026-01-23
C0287,Siya,Ahmedabad,43,Male,2025-09-09
C0288,Dimple,Chennai,21,Female,2026-01-02
C0289,Ayushi,Bangalore,40,Female,2025-08-05
C0290,Dimple,Surat,28,Male,2026-06-10
C0291,Ayushi,Pune,30,Male,2024-09-20
C0292,Aditiya,Delhi,30,Female,2024-08-15
C0293,Mudra,Delhi,25,Female,2024-09-04
C0294,Radha,Bangalore,49,Female,2024-08-06
C0295,Krishna,Bangalore,48,Male,2026-05-17
C0296,Arya,Surat,22,Male,2024-07-31
C0297,Mudra,Bangalore,40,Female,2026-01-25
C0298,Vihaan,Hyderabad,28,Female,2025-01-28
C0299,Radha,Ahmedabad,45,Male,2026-03-16
C0300,Vihaan,Hyderabad,34,Female,2025-03-08
C0301,Dimple,Hyderabad,22,Male,2025-04-22
C0302,Isha,Surat,35,Female,2026-01-14
C0303,Vivan,Pune,42,Female,2024-09-18
C0304,Aditiya,Delhi,55,Female,2025-01-18
C0305,Mudra,Ahmedabad,27,Female,2025-10-30
C0306,Aditiya,Ahmedabad,43,Female,2025-02-08
C0307,Pranjal,Surat,28,Female,2024-12-16
C0308,Arjun,Chennai,60,Male,2025-12-14
C0309,Aditiya,Delhi,29,Female,2026-05-21
C0310,Arjun,Mumbai,20,Female,2026-04-11
C0311,Vihaan,Surat,50,Male,2024-09-26
C0312,Pranjal,Bangalore,24,Male,2024-11-03
C0313,Mudra,Bangalore,57,Female,2024-09-19
C0314,Kishan,Surat,29,Female,2025-03-26
C0315,Rishi,Delhi,48,Female,2025-03-16
C0316,Arya,Mumbai,53,Female,2025-09-04
C0317,Arjun,Bangalore,23,Male,2024-08-23
C0318,Rishi,Hyderabad,21,Male,2026-02-26
C0319,Dimple,Chennai,48,Female,2025-12-28
C0320,Pranjal,Mumbai,59,Male,2026-01-07
C0321,Aditiya,Ahmedabad,59,Female,2024-06-27
C0322,Radha,Mumbai,60,Female,2026-02-09
C0323,Arya,Bangalore,24,Male,2024-09-08
C0324,Pranjal,Hyderabad,59,Female,2025-05-18
C0325,Pranjal,Bangalore,26,Female,2024-12-29
C0326,Arya,Chennai,55,Female,2025-09-18
C0327,Rishi,Chennai,41,Male,2026-05-08
C0328,Dimple,Surat,56,Male,2025-02-11
C0329,Siya,Mumbai,44,Male,2024-08-04
C0330,Aditiya,Hyderabad,48,Male,2025-01-22
C0331,Arya,Surat,39,Female,2024-12-15
C0332,Vivan,Mumbai,46,Female,2025-12-23
C0333,Siya,Hyderabad,54,Male,2025-04-25
C0334,Aditiya,Delhi,22,Female,2026-04-19
C0335,Vivan,Ahmedabad,29,Male,2025-05-02
C0336,Rishi,Bangalore,22,Female,2024-12-20
C0337,Dimple,Pune,57,Female,2025-11-01
C0338,Kishan,Hyderabad,38,Male,2025-10-10
C0339,Ayushi,Surat,23,Female,2025-04-16
C0340,Krishna,Hyderabad,31,Male,2025-04-02
C0341,Radha,Hyderabad,26,Female,2024-09-08
C0342,Siya,Hyderabad,29,Male,2024-07-13
C0343,Aditiya,Delhi,19,Male,2024-08-05
C0344,Arjun,Pune,18,Male,2025-04-07
C0345,Vihaan,Chennai,39,Male,2025-08-08
C0346,Kishan,Chennai,33,Male,2026-04-12
C0347,Mudra,Chennai,22,Male,2024-09-07
C0348,Vivan,Pune,37,Male,2025-01-29
C0349,Siya,Hyderabad,22,Male,2025-09-01
C0350,Vihaan,Delhi,31,Male,2024-12-22
C0351,Harsh,Chennai,33,Male,2024-11-11
C0352,Siya,Pune,54,Female,2026-01-19
C0353,Ayushi,Pune,60,Female,2026-05-02
C0354,Vihaan,Mumbai,18,Female,2025-05-02
C0355,Arjun,Ahmedabad,59,Female,2024-10-18
C0356,Dimple,Mumbai,23,Female,2024-10-11
C0357,Pranjal,Bangalore,26,Female,2025-04-03
C0358,Mahek,Pune,20,Female,2025-10-30
C0359,Siya,Delhi,37,Female,2025-09-04
C0360,Aditiya,Surat,37,Female,2025-04-12
C0361,Isha,Mumbai,36,Female,2025-10-24
C0362,Rishi,Bangalore,43,Female,2025-07-04
C0363,Ayushi,Hyderabad,24,Female,2025-05-08
C0364,Isha,Chennai,24,Female,2026-04-23
C0365,Aditiya,Pune,18,Female,2026-02-16
C0366,Harsh,Pune,38,Female,2025-11-21
C0367,Isha,Delhi,27,Female,2025-06-23
C0368,Vihaan,Ahmedabad,25,Female,2024-08-12
C0369,Isha,Mumbai,47,Female,2024-09-21
C0370,Arjun,Bangalore,57,Male,2025-05-30
C0371,Arjun,Chennai,35,Male,2025-07-17
C0372,Pranjal,Surat,57,Male,2025-04-23
C0373,Arjun,Bangalore,36,Male,2026-02-09
C0374,Arya,Delhi,50,Female,2025-02-13
C0375,Mudra,Ahmedabad,41,Female,2025-02-14
C0376,Pranjal,Hyderabad,22,Female,2025-07-30
C0377,Siya,Pune,38,Female,2025-09-27
C0378,Arjun,Ahmedabad,33,Female,2025-12-04
C0379,Isha,Hyderabad,40,Male,2025-07-20
C0380,Vivan,Pune,55,Female,2025-01-06
C0381,Dimple,Bangalore,57,Female,2025-08-26
C0382,Vivan,Hyderabad,51,Male,2026-04-05
C0383,Arjun,Pune,21,Female,2024-10-25
C0384,Siya,Surat,36,Male,2026-03-09
C0385,Arjun,Bangalore,23,Female,2026-01-11
C0386,Pranjal,Ahmedabad,19,Male,2024-07-27
C0387,Vivan,Mumbai,41,Female,2024-12-13
C0388,Ayushi,Hyderabad,60,Female,2025-09-21
C0389,Mudra,Mumbai,58,Female,2025-11-04
C0390,Pranjal,Chennai,18,Female,2025-02-21
C0391,Siya,Delhi,59,Female,2024-10-27
C0392,Harsh,Hyderabad,26,Female,2025-09-01
C0393,Mahek,Pune,59,Female,2026-06-12
C0394,Arya,Bangalore,29,Female,2025-12-25
C0395,Krishna,Ahmedabad,38,Male,2026-02-22
C0396,Dimple,Delhi,44,Male,2024-11-01
C0397,Ayushi,Bangalore,45,Female,2026-01-26
C0398,Ayushi,Mumbai,26,Female,2025-03-31
C0399,Mudra,Mumbai,38,Male,2026-04-09
C0400,Mahek,Pune,24,Female,2026-06-18
C0401,Rishi,Pune,31,Female,2024-11-21
C0402,Siya,Hyderabad,57,Female,2024-10-20
C0403,Radha,Chennai,34,Female,2025-05-23
C0404,Krishna,Hyderabad,46,Female,2025-06-01
C0405,Krishna,Ahmedabad,28,Female,2025-03-09
C0406,Mudra,Bangalore,53,Male,2024-10-24
C0407,Radha,Bangalore,41,Female,2024-10-13
C0408,Radha,Bangalore,60,Female,2024-11-15
C0409,Siya,Bangalore,24,Female,2025-01-21
C0410,Krishna,Hyderabad,26,Male,2025-11-24
C0411,Mudra,Hyderabad,35,Male,2025-08-12
C0412,Mudra,Chennai,58,Female,2025-03-03
C0413,Arjun,Delhi,49,Female,2025-09-20
C0414,Ayushi,Mumbai,19,Male,2026-02-04
C0415,Vihaan,Hyderabad,42,Female,2024-08-28
C0416,Vihaan,Chennai,34,Female,2024-10-06
C0417,Arjun,Mumbai,45,Female,2025-11-16
C0418,Vivan,Ahmedabad,41,Male,2025-06-23
C0419,Vihaan,Pune,53,Female,2025-01-31
C0420,Krishna,Hyderabad,60,Female,2024-12-31
C0421,Aditiya,Ahmedabad,27,Female,2025-07-27
C0422,Isha,Hyderabad,45,Female,2025-07-07
C0423,Kishan,Chennai,49,Male,2026-01-14
C0424,Arya,Pune,46,Male,2025-10-14
C0425,Kishan,Mumbai,48,Female,2025-06-07
C0426,Pranjal,Surat,25,Female,2025-11-25
C0427,Radha,Mumbai,49,Female,2024-12-04
C0428,Arjun,Surat,33,Male,2026-05-22
C0429,Vivan,Ahmedabad,51,Male,2024-09-19
C0430,Dimple,Mumbai,23,Female,2026-04-03
C0431,Arjun,Bangalore,24,Male,2025-08-18
C0432,Isha,Ahmedabad,20,Male,2025-01-20
C0433,Mudra,Ahmedabad,21,Female,2026-05-08
C0434,Harsh,Delhi,28,Male,2024-12-30
C0435,Arya,Chennai,32,Female,2026-06-16
C0436,Ayushi,Mumbai,57,Female,2026-01-05
C0437,Arjun,Hyderabad,43,Female,2026-05-31
C0438,Aditiya,Surat,36,Female,2025-07-18
C0439,Dimple,Hyderabad,44,Male,2025-10-27
C0440,Krishna,Delhi,33,Female,2025-06-12
C0441,Arjun,Delhi,28,Female,2026-03-13
C0442,Kishan,Mumbai,54,Male,2025-10-28
C0443,Arjun,Ahmedabad,23,Female,2025-07-09
C0444,Vivan,Delhi,51,Male,2025-02-26
C0445,Harsh,Surat,60,Female,2024-09-20
C0446,Kishan,Mumbai,22,Male,2025-03-31
C0447,Mahek,Bangalore,34,Female,2024-12-06
C0448,Kishan,Mumbai,54,Female,2025-02-27
C0449,Harsh,Bangalore,51,Male,2024-11-01
C0450,Radha,Ahmedabad,58,Female,2025-04-17
C0451,Krishna,Delhi,55,Female,2025-05-09
C0452,Ayushi,Delhi,45,Male,2025-12-03
C0453,Harsh,Bangalore,36,Male,2026-03-16
C0454,Harsh,Chennai,46,Female,2026-04-18
C0455,Rishi,Bangalore,18,Female,2024-07-13
C0456,Siya,Mumbai,39,Male,2025-11-09
C0457,Isha,Delhi,51,Female,2024-10-16
C0458,Vihaan,Chennai,59,Male,2025-08-02
C0459,Rishi,Mumbai,40,Male,2025-11-11
C0460,Dimple,Mumbai,32,Female,2025-12-25
C0461,Aditiya,Bangalore,58,Male,2025-12-06
C0462,Ayushi,Pune,27,Male,2025-11-29
C0463,Krishna,Chennai,45,Male,2024-08-30
C0464,Radha,Chennai,52,Female,2026-05-16
C0465,Siya,Hyderabad,56,Female,2025-04-22
C0466,Aditiya,Mumbai,49,Female,2025-09-30
C0467,Arjun,Hyderabad,32,Male,2024-07-19
C0468,Vivan,Mumbai,37,Male,2026-04-06
C0469,Pranjal,Bangalore,46,Male,2025-10-18
C0470,Ayushi,Surat,27,Male,2025-04-28
C0471,Radha,Bangalore,48,Female,2025-03-06
C0472,Siya,Surat,30,Male,2025-02-05
C0473,Ayushi,Delhi,56,Male,2025-11-11
C0474,Isha,Mumbai,53,Female,2025-12-24
C0475,Mahek,Bangalore,57,Female,2025-09-19
C0476,Arjun,Pune,56,Female,2024-09-21
C0477,Isha,Bangalore,50,Female,2025-05-24
C0478,Krishna,Chennai,60,Male,2024-08-15
C0479,Isha,Hyderabad,19,Female,2026-02-08
C0480,Siya,Mumbai,42,Female,2025-03-05
C0481,Aditiya,Bangalore,41,Female,2024-12-22
C0482,Vihaan,Ahmedabad,60,Male,2025-02-02
C0483,Kishan,Pune,26,Male,2025-12-29
C0484,Rishi,Chennai,24,Male,2025-02-15
C0485,Harsh,Ahmedabad,46,Male,2025-01-18
C0486,Kishan,Mumbai,35,Male,2025-01-13
C0487,Harsh,Delhi,33,Female,2025-06-08
C0488,Ayushi,Surat,21,Male,2024-10-30
C0489,Ayushi,Ahmedabad,22,Female,2025-11-03
C0490,Vivan,Mumbai,22,Female,2025-05-09
C0491,Siya,Delhi,37,Female,2025-08-21
C0492,Mudra,Chennai,49,Male,2026-05-03
C0493,Rishi,Surat,51,Male,2025-12-06
C0494,Vihaan,Bangalore,44,Male,2026-03-30
C0495,Mahek,Delhi,26,Female,2025-12-24
C0496,Pranjal,Mumbai,36,Male,2026-06-13
C0497,Mahek,Surat,33,Male,2024-08-07
C0498,Harsh,Mumbai,34,Female,2024-12-23
C0499,Rishi,Bangalore,36,Male,2025-09-02
C0500,Ayushi,Surat,58,Female,2025-06-02
C0501,Isha,Surat,25,Male,2026-02-26
C0502,Vihaan,Bangalore,25,Male,2025-06-19
C0503,Pranjal,Chennai,52,Male,2024-08-14
C0504,Pranjal,Mumbai,51,Female,2025-03-01
C0505,Kishan,Ahmedabad,29,Male,2026-03-08
C0506,Krishna,Delhi,39,Male,2025-03-07
C0507,Kishan,Bangalore,40,Female,2026-04-29
C0508,Pranjal,Pune,19,Male,2024-07-04
C0509,Krishna,Chennai,58,Female,2025-04-24
C0510,Siya,Bangalore,34,Female,2024-07-19
C0511,Arya,Ahmedabad,18,Female,2025-04-17
C0512,Isha,Pune,38,Male,2024-07-05
C0513,Vivan,Delhi,51,Male,2025-07-02
C0514,Harsh,Pune,55,Male,2025-03-28
C0515,Ayushi,Ahmedabad,23,Male,2025-08-23
C0516,Pranjal,Hyderabad,49,Male,2025-01-08
C0517,Vihaan,Mumbai,44,Male,2026-06-20
C0518,Isha,Bangalore,18,Female,2025-03-27
C0519,Ayushi,Ahmedabad,54,Female,2024-07-01
C0520,Krishna,Bangalore,39,Female,2025-01-26
C0521,Kishan,Delhi,31,Male,2025-05-19
C0522,Aditiya,Delhi,55,Female,2024-11-30
C0523,Radha,Ahmedabad,46,Male,2025-12-14
C0524,Aditiya,Ahmedabad,41,Male,2024-08-12
C0525,Vihaan,Surat,21,Male,2026-01-25
C0526,Mudra,Delhi,60,Male,2026-06-19
C0527,Arya,Chennai,26,Male,2026-06-07
C0528,Aditiya,Bangalore,60,Male,2026-04-29
C0529,Siya,Delhi,51,Female,2024-07-25
C0530,Kishan,Mumbai,23,Male,2025-06-08
C0531,Vivan,Delhi,30,Female,2025-12-08
C0532,Aditiya,Hyderabad,52,Female,2024-12-11
C0533,Kishan,Delhi,36,Female,2026-01-07
C0534,Vivan,Hyderabad,57,Female,2026-06-10
C0535,Aditiya,Ahmedabad,55,Male,2024-09-07
C0536,Vivan,Ahmedabad,33,Male,2024-12-25
C0537,Harsh,Delhi,45,Male,2025-01-26
C0538,Mahek,Mumbai,59,Male,2026-04-26
C0539,Isha,Ahmedabad,47,Female,2024-10-13
C0540,Harsh,Chennai,35,Female,2025-03-31
C0541,Pranjal,Pune,56,Male,2024-08-30
C0542,Kishan,Bangalore,20,Male,2026-03-25
C0543,Siya,Ahmedabad,59,Female,2024-11-17
C0544,Krishna,Surat,37,Female,2026-02-27
C0545,Mudra,Ahmedabad,51,Male,2024-07-04
C0546,Vihaan,Hyderabad,52,Male,2025-03-06
C0547,Arjun,Delhi,19,Male,2025-03-14
C0548,Ayushi,Hyderabad,38,Female,2026-04-06
C0549,Mudra,Ahmedabad,35,Male,2025-09-21
C0550,Mudra,Hyderabad,41,Male,2026-02-19
C0551,Arjun,Delhi,24,Male,2025-03-15
C0552,Rishi,Ahmedabad,50,Female,2025-09-04
C0553,Arya,Surat,38,Female,2025-11-06
C0554,Arjun,Surat,39,Male,2025-03-23
C0555,Harsh,Mumbai,25,Female,2025-12-26
C0556,Arya,Ahmedabad,44,Female,2025-04-27
C0557,Arya,Chennai,33,Female,2025-11-13
C0558,Vivan,Pune,24,Male,2025-08-02
C0559,Ayushi,Mumbai,26,Female,2025-05-25
C0560,Krishna,Chennai,34,Male,2025-10-10
C0561,Pranjal,Chennai,42,Female,2025-01-15
C0562,Ayushi,Surat,54,Female,2025-07-31
C0563,Mahek,Surat,19,Male,2025-05-05
C0564,Harsh,Bangalore,43,Female,2026-04-10
C0565,Vivan,Surat,26,Male,2026-01-10
C0566,Dimple,Mumbai,48,Male,2026-05-06
C0567,Vihaan,Mumbai,18,Male,2024-11-20
C0568,Dimple,Bangalore,19,Male,2024-09-30
C0569,Ayushi,Pune,25,Female,2025-05-03
C0570,Vihaan,Delhi,40,Male,2024-11-23
C0571,Mudra,Delhi,55,Female,2024-10-05
C0572,Mahek,Delhi,53,Female,2026-03-07
C0573,Rishi,Ahmedabad,20,Female,2024-11-28
C0574,Mudra,Mumbai,22,Female,2024-07-13
C0575,Arya,Delhi,54,Female,2024-12-24
C0576,Mahek,Ahmedabad,19,Male,2026-01-21
C0577,Kishan,Surat,42,Male,2025-11-16
C0578,Pranjal,Surat,57,Male,2024-11-11
C0579,Radha,Hyderabad,42,Female,2025-03-22
C0580,Isha,Mumbai,60,Female,2024-10-11
C0581,Vihaan,Ahmedabad,37,Male,2025-05-12
C0582,Rishi,Surat,49,Female,2025-02-06
C0583,Vihaan,Mumbai,55,Male,2024-10-30
C0584,Pranjal,Hyderabad,22,Female,2024-06-27
C0585,Isha,Bangalore,46,Female,2026-06-07
C0586,Vihaan,Pune,43,Female,2024-11-05
C0587,Ayushi,Surat,25,Female,2025-03-26
C0588,Harsh,Surat,47,Male,2026-04-24
C0589,Radha,Chennai,18,Male,2026-03-21
C0590,Vivan,Surat,37,Male,2025-02-12
C0591,Isha,Pune,48,Female,2025-05-24
C0592,Mudra,Delhi,46,Female,2025-11-06
C0593,Vivan,Hyderabad,60,Male,2026-06-10
C0594,Isha,Mumbai,59,Female,2025-06-24
C0595,Krishna,Chennai,42,Male,2025-01-30
C0596,Vivan,Hyderabad,47,Female,2025-08-04
C0597,Dimple,Ahmedabad,48,Male,2025-08-22
C0598,Pranjal,Pune,24,Male,2026-01-26
C0599,Mudra,Delhi,58,Female,2025-12-03
C0600,Harsh,Bangalore,46,Female,2024-09-26
C0601,Arya,Mumbai,24,Male,2025-03-12
C0602,Pranjal,Chennai,22,Male,2026-01-24
C0603,Harsh,Pune,50,Male,2024-08-10
C0604,Vihaan,Ahmedabad,60,Male,2024-09-29
C0605,Mudra,Bangalore,38,Male,2025-06-17
C0606,Aditiya,Hyderabad,21,Male,2025-09-07
C0607,Kishan,Mumbai,24,Female,2026-04-23
C0608,Siya,Chennai,35,Female,2024-09-22
C0609,Ayushi,Surat,25,Male,2025-10-21
C0610,Mahek,Mumbai,53,Female,2025-03-08
C0611,Aditiya,Mumbai,19,Female,2024-10-05
C0612,Aditiya,Bangalore,33,Male,2026-04-25
C0613,Aditiya,Surat,60,Male,2024-12-04
C0614,Mudra,Surat,26,Female,2026-05-09
C0615,Aditiya,Delhi,35,Female,2026-03-18
C0616,Vihaan,Pune,39,Female,2026-04-08
C0617,Aditiya,Bangalore,34,Male,2025-08-20
C0618,Mudra,Bangalore,46,Female,2025-02-13
C0619,Siya,Mumbai,57,Female,2026-06-09
C0620,Dimple,Mumbai,38,Female,2025-12-16
C0621,Kishan,Mumbai,59,Female,2026-03-04
C0622,Vivan,Ahmedabad,47,Female,2024-08-25
C0623,Mahek,Mumbai,58,Female,2025-12-03
C0624,Mudra,Bangalore,32,Female,2025-09-22
C0625,Arjun,Surat,21,Male,2025-05-31
C0626,Arya,Hyderabad,35,Male,2026-03-15
C0627,Aditiya,Pune,55,Male,2025-11-26
C0628,Pranjal,Ahmedabad,46,Male,2025-12-30
C0629,Radha,Mumbai,23,Male,2024-11-21
C0630,Dimple,Surat,25,Male,2024-12-12
C0631,Vivan,Pune,54,Female,2025-08-27
C0632,Vihaan,Hyderabad,42,Male,2025-05-16
C0633,Kishan,Hyderabad,51,Female,2026-03-18
C0634,Radha,Chennai,37,Male,2024-10-20
C0635,Mudra,Ahmedabad,47,Male,2025-03-24
C0636,Pranjal,Ahmedabad,57,Female,2025-04-02
C0637,Mudra,Surat,41,Female,2024-06-30
C0638,Krishna,Bangalore,21,Female,2025-08-17
C0639,Mahek,Mumbai,60,Male,2026-03-16
C0640,Isha,Bangalore,56,Male,2025-11-29
C0641,Aditiya,Delhi,56,Female,2025-01-30
C0642,Vivan,Delhi,49,Female,2024-08-11
C0643,Dimple,Delhi,29,Male,2025-12-07
C0644,Kishan,Delhi,34,Male,2024-11-28
C0645,Pranjal,Pune,27,Female,2025-02-23
C0646,Isha,Surat,32,Male,2025-09-19
C0647,Aditiya,Mumbai,41,Male,2026-03-14
C0648,Ayushi,Bangalore,59,Male,2024-11-19
C0649,Siya,Delhi,37,Female,2024-07-29
C0650,Radha,Chennai,54,Female,2025-01-18
C0651,Mudra,Bangalore,58,Female,2025-03-15
C0652,Krishna,Chennai,46,Male,2025-11-23
C0653,Harsh,Chennai,44,Female,2024-07-10
C0654,Mudra,Mumbai,19,Female,2025-06-07
C0655,Isha,Mumbai,55,Male,2025-12-31
C0656,Pranjal,Hyderabad,43,Male,2026-05-05
C0657,Aditiya,Pune,33,Female,2024-12-22
C0658,Kishan,Ahmedabad,27,Male,2025-01-02
C0659,Radha,Bangalore,38,Male,2026-01-19
C0660,Siya,Pune,32,Female,2025-07-15
C0661,Harsh,Chennai,37,Male,2026-01-13
C0662,Pranjal,Pune,52,Female,2024-08-18
C0663,Pranjal,Hyderabad,48,Female,2025-10-08
C0664,Krishna,Chennai,18,Male,2024-07-16
C0665,Vivan,Chennai,60,Male,2025-04-03
C0666,Dimple,Bangalore,25,Male,2024-07-21
C0667,Siya,Ahmedabad,31,Female,2025-07-04
C0668,Radha,Mumbai,21,Male,2026-04-20
C0669,Arjun,Surat,40,Male,2024-06-30
C0670,Arya,Pune,49,Female,2024-12-01
C0671,Arya,Delhi,54,Male,2025-06-27
C0672,Mahek,Chennai,55,Female,2026-02-19
C0673,Dimple,Mumbai,41,Female,2025-02-04
C0674,Vivan,Bangalore,29,Male,2026-02-07
C0675,Vivan,Pune,42,Female,2025-12-19
C0676,Vihaan,Surat,47,Female,2025-09-21
C0677,Vivan,Pune,34,Male,2025-06-13
C0678,Vihaan,Mumbai,42,Male,2026-02-15
C0679,Ayushi,Bangalore,19,Male,2025-03-10
C0680,Dimple,Hyderabad,43,Female,2025-03-02
C0681,Mudra,Ahmedabad,38,Female,2026-01-21
C0682,Dimple,Mumbai,46,Male,2024-09-12
C0683,Arya,Bangalore,18,Female,2026-05-04
C0684,Mudra,Ahmedabad,52,Female,2026-04-05
C0685,Arya,Delhi,23,Male,2025-01-15
C0686,Arjun,Bangalore,53,Female,2025-07-08
C0687,Vihaan,Delhi,32,Female,2025-10-13
C0688,Mahek,Delhi,31,Female,2025-08-16
C0689,Dimple,Ahmedabad,40,Male,2026-05-04
C0690,Isha,Bangalore,57,Male,2025-05-24
C0691,Pranjal,Surat,29,Male,2026-01-21
C0692,Radha,Bangalore,34,Female,2024-07-31
C0693,Krishna,Ahmedabad,30,Male,2024-10-23
C0694,Kishan,Mumbai,39,Male,2025-09-17
C0695,Mudra,Ahmedabad,49,Female,2026-01-28
C0696,Vivan,Surat,18,Male,2024-10-25
C0697,Harsh,Chennai,35,Male,2026-03-29
C0698,Vivan,Surat,54,Male,2026-03-28
C0699,Radha,Hyderabad,20,Female,2025-11-13
C0700,Rishi,Chennai,57,Female,2024-08-31
C0701,Mudra,Bangalore,51,Male,2025-01-06
C0702,Kishan,Bangalore,46,Female,2026-05-18
C0703,Arjun,Bangalore,20,Female,2024-09-22
C0704,Mahek,Pune,18,Male,2026-05-30
C0705,Arya,Delhi,53,Female,2026-06-06
C0706,Aditiya,Chennai,47,Male,2025-03-16
C0707,Vihaan,Mumbai,50,Male,2025-09-11
C0708,Rishi,Ahmedabad,53,Female,2025-01-29
C0709,Arya,Surat,50,Female,2026-04-19
C0710,Rishi,Mumbai,35,Male,2025-02-27
C0711,Mudra,Delhi,28,Male,2025-05-31
C0712,Pranjal,Surat,46,Female,2026-01-30
C0713,Pranjal,Mumbai,40,Male,2024-08-16
C0714,Vihaan,Ahmedabad,50,Male,2024-07-18
C0715,Siya,Ahmedabad,21,Male,2024-11-27
C0716,Siya,Chennai,23,Female,2025-04-13
C0717,Krishna,Mumbai,25,Male,2025-02-19
C0718,Harsh,Chennai,44,Male,2024-12-12
C0719,Radha,Pune,45,Female,2024-08-04
C0720,Aditiya,Ahmedabad,39,Male,2025-11-13
C0721,Vihaan,Mumbai,56,Female,2025-02-27
C0722,Krishna,Pune,36,Female,2026-02-26
C0723,Mudra,Pune,42,Female,2026-01-12
C0724,Ayushi,Surat,21,Female,2024-07-05
C0725,Vivan,Hyderabad,26,Male,2026-02-24
C0726,Vivan,Mumbai,30,Male,2025-11-06
C0727,Mahek,Pune,58,Female,2024-11-28
C0728,Isha,Pune,38,Female,2026-02-02
C0729,Aditiya,Delhi,40,Female,2026-03-04
C0730,Kishan,Hyderabad,48,Female,2026-02-03
C0731,Krishna,Ahmedabad,54,Female,2024-09-09
C0732,Ayushi,Chennai,33,Male,2025-06-04
C0733,Pranjal,Delhi,41,Female,2025-04-29
C0734,Mahek,Chennai,44,Male,2026-03-17
C0735,Vivan,Delhi,59,Male,2025-04-05
C0736,Isha,Delhi,28,Female,2024-11-14
C0737,Arya,Hyderabad,24,Male,2025-05-24
C0738,Mahek,Bangalore,51,Male,2025-08-26
C0739,Mudra,Bangalore,30,Male,2024-09-01
C0740,Mahek,Bangalore,22,Female,2025-01-08
C0741,Krishna,Surat,47,Male,2025-06-13
C0742,Radha,Ahmedabad,40,Male,2026-01-17
C0743,Aditiya,Bangalore,56,Female,2024-12-22
C0744,Pranjal,Chennai,29,Male,2025-09-04
C0745,Vihaan,Pune,41,Male,2025-01-06
C0746,Mudra,Pune,45,Male,2025-11-21
C0747,Pranjal,Bangalore,56,Female,2026-01-20
C0748,Krishna,Bangalore,37,Female,2024-09-11
C0749,Arjun,Mumbai,37,Male,2026-03-31
C0750,Harsh,Bangalore,46,Female,2026-06-21
C0751,Aditiya,Delhi,44,Male,2025-01-29
C0752,Harsh,Ahmedabad,36,Male,2025-09-26
C0753,Ayushi,Mumbai,18,Female,2025-02-25
C0754,Aditiya,Surat,31,Female,2025-08-04
C0755,Arjun,Chennai,29,Male,2024-10-17
C0756,Arya,Delhi,52,Female,2026-05-07
C0757,Pranjal,Mumbai,40,Female,2025-06-05
C0758,Aditiya,Hyderabad,27,Male,2025-06-19
C0759,Siya,Hyderabad,26,Male,2026-04-28
C0760,Mahek,Ahmedabad,59,Male,2026-05-27
C0761,Rishi,Bangalore,42,Male,2025-08-09
C0762,Rishi,Pune,39,Female,2025-08-27
C0763,Isha,Chennai,51,Male,2024-11-16
C0764,Mahek,Chennai,40,Male,2026-03-29
C0765,Aditiya,Mumbai,42,Female,2025-01-24
C0766,Isha,Hyderabad,44,Male,2026-04-25
C0767,Siya,Ahmedabad,53,Male,2025-11-19
C0768,Dimple,Chennai,51,Female,2025-10-31
C0769,Vivan,Delhi,46,Male,2024-08-05
C0770,Krishna,Chennai,22,Male,2024-11-28
C0771,Mahek,Mumbai,60,Male,2024-08-30
C0772,Dimple,Pune,51,Male,2025-11-05
C0773,Krishna,Delhi,46,Male,2025-10-01
C0774,Arya,Chennai,40,Male,2025-11-20
C0775,Radha,Ahmedabad,51,Female,2024-12-23
C0776,Ayushi,Bangalore,24,Male,2025-08-23
C0777,Kishan,Delhi,32,Male,2026-01-10
C0778,Pranjal,Delhi,18,Male,2024-10-26
C0779,Vivan,Ahmedabad,29,Female,2026-04-20
C0780,Mahek,Delhi,18,Male,2025-01-25
C0781,Harsh,Chennai,60,Male,2026-03-04
C0782,Dimple,Surat,36,Male,2025-04-11
C0783,Mudra,Chennai,35,Female,2026-04-24
C0784,Pranjal,Bangalore,28,Female,2024-11-21
C0785,Pranjal,Delhi,39,Female,2025-02-19
C0786,Vihaan,Pune,59,Male,2024-09-13
C0787,Harsh,Chennai,19,Female,2024-12-20
C0788,Harsh,Hyderabad,60,Female,2025-11-14
C0789,Krishna,Delhi,31,Female,2026-03-18
C0790,Ayushi,Hyderabad,42,Female,2025-08-06
C0791,Arya,Bangalore,24,Male,2025-04-05
C0792,Aditiya,Bangalore,23,Male,2025-05-02
C0793,Vivan,Pune,52,Male,2024-10-02
C0794,Aditiya,Ahmedabad,51,Male,2025-09-04
C0795,Radha,Mumbai,52,Male,2025-07-30
C0796,Arya,Surat,44,Female,2025-10-10
C0797,Dimple,Chennai,34,Female,2026-05-01
C0798,Kishan,Pune,59,Female,2024-08-22
C0799,Mahek,Ahmedabad,58,Female,2025-05-25
C0800,Arjun,Surat,35,Male,2024-10-21
C0801,Kishan,Chennai,58,Male,2025-12-13
C0802,Harsh,Ahmedabad,50,Male,2026-03-28
C0803,Isha,Mumbai,19,Female,2025-02-07
C0804,Rishi,Ahmedabad,59,Male,2025-02-23
C0805,Vivan,Delhi,35,Male,2025-12-20
C0806,Arya,Chennai,20,Female,2025-09-20
C0807,Isha,Hyderabad,36,Male,2025-03-05
C0808,Isha,Pune,52,Female,2025-03-22
C0809,Aditiya,Bangalore,24,Male,2026-05-15
C0810,Isha,Ahmedabad,24,Male,2025-05-25
C0811,Krishna,Ahmedabad,36,Male,2026-02-13
C0812,Arya,Bangalore,57,Male,2024-11-29
C0813,Krishna,Pune,24,Female,2024-10-24
C0814,Aditiya,Bangalore,18,Male,2026-06-15
C0815,Pranjal,Hyderabad,53,Male,2026-01-14
C0816,Arya,Hyderabad,49,Female,2025-10-16
C0817,Harsh,Chennai,41,Female,2026-01-30
C0818,Kishan,Pune,54,Female,2024-12-18
C0819,Arya,Surat,47,Female,2025-12-10
C0820,Krishna,Mumbai,27,Male,2024-12-01
C0821,Radha,Delhi,47,Male,2024-08-31
C0822,Pranjal,Bangalore,44,Female,2024-10-27
C0823,Krishna,Bangalore,57,Male,2025-08-09
C0824,Krishna,Surat,23,Female,2025-09-09
C0825,Vihaan,Hyderabad,50,Female,2024-07-14
C0826,Pranjal,Chennai,46,Female,2025-11-03
C0827,Vihaan,Delhi,19,Female,2026-01-20
C0828,Harsh,Delhi,33,Male,2026-04-16
C0829,Ayushi,Mumbai,43,Male,2024-09-07
C0830,Vivan,Bangalore,28,Female,2025-02-12
C0831,Siya,Hyderabad,52,Male,2026-04-14
C0832,Ayushi,Surat,32,Female,2024-09-14
C0833,Arjun,Bangalore,45,Female,2026-01-28
C0834,Dimple,Delhi,48,Male,2026-01-16
C0835,Mudra,Mumbai,39,Female,2025-09-09
C0836,Radha,Hyderabad,37,Male,2026-05-04
C0837,Arjun,Surat,48,Male,2025-02-08
C0838,Arya,Ahmedabad,50,Female,2026-05-08
C0839,Pranjal,Ahmedabad,36,Female,2025-07-18
C0840,Arya,Chennai,48,Male,2026-03-15
C0841,Harsh,Chennai,34,Female,2026-02-01
C0842,Mahek,Chennai,27,Male,2025-05-27
C0843,Vivan,Ahmedabad,43,Female,2024-08-15
C0844,Dimple,Chennai,42,Female,2024-07-27
C0845,Radha,Bangalore,18,Male,2025-04-02
C0846,Mahek,Bangalore,29,Female,2026-01-28
C0847,Vihaan,Delhi,51,Male,2025-03-12
C0848,Dimple,Delhi,23,Male,2025-01-09
C0849,Radha,Pune,38,Male,2024-08-29
C0850,Dimple,Hyderabad,54,Female,2025-12-09
C0851,Vivan,Bangalore,51,Male,2026-04-27
C0852,Pranjal,Mumbai,25,Male,2024-07-20
C0853,Mahek,Hyderabad,45,Female,2026-02-25
C0854,Pranjal,Delhi,50,Male,2024-09-14
C0855,Ayushi,Hyderabad,34,Female,2025-04-19
C0856,Ayushi,Hyderabad,46,Male,2025-11-13
C0857,Harsh,Hyderabad,60,Female,2025-02-03
C0858,Krishna,Ahmedabad,58,Male,2025-07-10
C0859,Pranjal,Bangalore,42,Male,2025-10-04
C0860,Arjun,Chennai,33,Male,2024-09-08
C0861,Siya,Chennai,55,Male,2025-11-24
C0862,Krishna,Mumbai,55,Male,2025-02-21
C0863,Pranjal,Delhi,53,Male,2025-09-23
C0864,Dimple,Mumbai,52,Male,2024-08-20
C0865,Dimple,Delhi,56,Female,2026-05-05
C0866,Harsh,Ahmedabad,53,Female,2024-07-02
C0867,Vivan,Pune,20,Male,2026-01-10
C0868,Krishna,Delhi,51,Male,2025-02-14
C0869,Aditiya,Bangalore,51,Female,2025-03-26
C0870,Mudra,Surat,21,Female,2026-01-16
C0871,Harsh,Ahmedabad,34,Female,2025-09-06
C0872,Siya,Pune,18,Male,2025-03-21
C0873,Dimple,Bangalore,30,Male,2025-08-25
C0874,Siya,Chennai,37,Female,2026-06-17
C0875,Siya,Surat,60,Female,2025-03-08
C0876,Siya,Ahmedabad,25,Male,2025-03-21
C0877,Mudra,Chennai,60,Male,2026-05-30
C0878,Pranjal,Delhi,35,Male,2024-11-06
C0879,Harsh,Chennai,26,Female,2025-12-17
C0880,Vivan,Mumbai,23,Female,2025-10-27
C0881,Dimple,Bangalore,44,Male,2024-10-31
C0882,Mudra,Mumbai,50,Male,2026-02-14
C0883,Siya,Chennai,36,Female,2025-10-14
C0884,Siya,Surat,51,Male,2024-10-22
C0885,Pranjal,Pune,18,Female,2025-05-30
C0886,Krishna,Surat,59,Female,2025-06-20
C0887,Harsh,Bangalore,60,Male,2026-06-15
C0888,Harsh,Mumbai,41,Male,2024-08-14
C0889,Arjun,Pune,43,Female,2025-11-04
C0890,Arya,Mumbai,23,Male,2025-10-15
C0891,Krishna,Surat,23,Female,2025-02-21
C0892,Mudra,Ahmedabad,19,Female,2026-04-25
C0893,Siya,Bangalore,28,Female,2024-08-23
C0894,Arjun,Bangalore,24,Male,2024-11-05
C0895,Pranjal,Surat,21,Male,2025-09-16
C0896,Vivan,Chennai,37,Male,2025-04-19
C0897,Arya,Surat,56,Male,2026-02-09
C0898,Kishan,Pune,18,Male,2025-05-24
C0899,Arya,Ahmedabad,55,Female,2025-12-11
C0900,Dimple,Hyderabad,45,Female,2024-09-25
C0901,Radha,Chennai,24,Female,2026-06-07
C0902,Siya,Ahmedabad,51,Female,2025-06-13
C0903,Ayushi,Chennai,36,Female,2026-04-27
C0904,Vihaan,Chennai,23,Female,2025-07-01
C0905,Kishan,Mumbai,56,Male,2024-09-01
C0906,Krishna,Hyderabad,21,Male,2025-05-22
C0907,Mahek,Pune,47,Male,2024-12-17
C0908,Kishan,Mumbai,22,Male,2026-02-24
C0909,Siya,Delhi,55,Male,2025-12-25
C0910,Mahek,Ahmedabad,38,Male,2026-03-10
C0911,Dimple,Ahmedabad,50,Female,2025-01-29
C0912,Mudra,Pune,29,Male,2024-07-16
C0913,Dimple,Bangalore,21,Male,2024-11-16
C0914,Harsh,Mumbai,50,Female,2024-09-25
C0915,Ayushi,Surat,23,Male,2025-09-03
C0916,Pranjal,Pune,40,Female,2026-04-26
C0917,Pranjal,Hyderabad,51,Female,2025-04-06
C0918,Mudra,Pune,39,Male,2024-11-16
C0919,Pranjal,Ahmedabad,18,Male,2025-03-16
C0920,Pranjal,Bangalore,47,Female,2026-06-19
C0921,Aditiya,Delhi,51,Male,2025-03-19
C0922,Siya,Chennai,42,Male,2026-02-03
C0923,Vihaan,Hyderabad,57,Male,2025-06-10
C0924,Isha,Surat,60,Female,2024-08-13
C0925,Arya,Pune,60,Female,2025-05-01
C0926,Pranjal,Bangalore,30,Male,2025-08-14
C0927,Vihaan,Bangalore,56,Male,2025-11-15
C0928,Arjun,Hyderabad,45,Female,2025-05-24
C0929,Pranjal,Surat,35,Male,2025-10-30
C0930,Aditiya,Mumbai,25,Male,2024-08-30
C0931,Vihaan,Bangalore,59,Female,2025-02-07
C0932,Vihaan,Hyderabad,60,Male,2025-01-01
C0933,Vivan,Ahmedabad,41,Female,2026-04-26
C0934,Vivan,Chennai,58,Male,2025-06-10
C0935,Vihaan,Delhi,48,Female,2025-07-10
C0936,Radha,Delhi,60,Male,2026-05-10
C0937,Mahek,Bangalore,42,Male,2025-02-24
C0938,Mudra,Delhi,56,Female,2026-01-08
C0939,Arya,Surat,39,Female,2025-01-29
C0940,Mudra,Pune,31,Female,2026-02-10
C0941,Isha,Bangalore,40,Male,2024-08-15
C0942,Vihaan,Hyderabad,50,Female,2026-06-09
C0943,Pranjal,Hyderabad,21,Female,2025-02-13
C0944,Siya,Pune,20,Male,2024-11-19
C0945,Krishna,Ahmedabad,49,Female,2025-12-21
C0946,Pranjal,Mumbai,51,Male,2026-01-03
C0947,Aditiya,Mumbai,52,Female,2025-10-19
C0948,Isha,Surat,27,Male,2026-03-27
C0949,Arjun,Ahmedabad,25,Male,2025-07-09
C0950,Mahek,Chennai,22,Female,2025-02-13
C0951,Pranjal,Delhi,28,Female,2025-01-13
C0952,Mahek,Pune,33,Male,2026-04-29
C0953,Vivan,Pune,23,Female,2025-06-24
C0954,Rishi,Hyderabad,33,Male,2025-04-15
C0955,Kishan,Hyderabad,48,Female,2024-10-02
C0956,Kishan,Surat,35,Female,2025-10-21
C0957,Kishan,Delhi,21,Female,2024-09-04
C0958,Radha,Ahmedabad,33,Female,2026-04-30
C0959,Kishan,Delhi,53,Male,2024-12-07
C0960,Aditiya,Bangalore,56,Male,2024-10-02
C0961,Aditiya,Chennai,48,Female,2024-10-14
C0962,Harsh,Ahmedabad,21,Male,2025-10-16
C0963,Krishna,Surat,20,Male,2024-08-05
C0964,Siya,Surat,57,Female,2025-08-19
C0965,Ayushi,Ahmedabad,60,Male,2026-05-30
C0966,Krishna,Ahmedabad,36,Female,2024-12-26
C0967,Ayushi,Surat,30,Male,2025-03-09
C0968,Ayushi,Mumbai,53,Male,2026-01-15
C0969,Arjun,Pune,25,Female,2025-12-20
C0970,Dimple,Bangalore,34,Male,2025-06-15
C0971,Siya,Chennai,55,Female,2025-06-08
C0972,Pranjal,Mumbai,59,Female,2024-12-01
C0973,Mahek,Chennai,25,Male,2025-03-25
C0974,Harsh,Chennai,18,Male,2025-03-17
C0975,Krishna,Hyderabad,44,Male,2025-01-22
C0976,Arjun,Surat,50,Female,2025-10-25
C0977,Ayushi,Chennai,37,Female,2024-09-09
C0978,Aditiya,Pune,46,Male,2026-01-06
C0979,Mahek,Delhi,35,Male,2025-03-02
C0980,Dimple,Ahmedabad,40,Female,2025-01-29
C0981,Radha,Pune,25,Male,2025-10-09
C0982,Mahek,Bangalore,46,Male,2026-01-18
C0983,Mahek,Ahmedabad,50,Female,2024-12-11
C0984,Dimple,Delhi,38,Male,2025-07-05
C0985,Vivan,Hyderabad,27,Female,2025-07-14
C0986,Mudra,Delhi,44,Male,2025-07-29
C0987,Radha,Surat,31,Male,2026-06-20
C0988,Radha,Hyderabad,42,Male,2025-08-12
C0989,Harsh,Pune,43,Female,2025-02-10
C0990,Mudra,Chennai,43,Male,2024-12-07
C0991,Pranjal,Delhi,29,Female,2025-12-01
C0992,Isha,Mumbai,57,Male,2025-08-28
C0993,Radha,Bangalore,41,Male,2026-05-27
C0994,Kishan,Chennai,39,Male,2025-01-19
C0995,Kishan,Ahmedabad,47,Female,2024-07-22
C0996,Mahek,Delhi,41,Male,2025-09-25
C0997,Vihaan,Hyderabad,58,Female,2025-05-01
C0998,Krishna,Chennai,41,Female,2026-05-14
C0999,Isha,Surat,47,Male,2025-12-12
C1000,Radha,Delhi,40,Female,2024-08-07
